{"spectral_radius": 0.8232896831961476, "leak_rate": 0.26667795253204196, "reservoir_size": 331, "sparsity": 0.38344428704582995}